1|Customer#000000001|j5JsirBM9P|MOROCCO  9|MOROCCO|AFRICA|25-741-298-7683|BUILDING
2|Customer#000000002|487LW1dovn6Q4dMVym|JORDAN   7|JORDAN|MIDDLE EAST|23-687-366-7194|AUTOMOBILE
3|Customer#000000003|fkRGN8n|ARGENTINA6|ARGENTINA|AMERICA|11-748-336-1281|AUTOMOBILE
4|Customer#000000004|4u58h f|EGYPT    0|EGYPT|MIDDLE EAST|14-190-594-7505|MACHINERY
5|Customer#000000005|hwBtxkoBF qSW4KrI|CANADA   7|CANADA|AMERICA|13-942-636-1142|HOUSEHOLD
6|Customer#000000006| g1s,pzDenUEBW3O,2 pxu|SAUDI ARA0|SAUDI ARABIA|MIDDLE EAST|30-968-495-1904|AUTOMOBILE
7|Customer#000000007|8OkMVLQ1dK6Mbu6WG9|CHINA    1|CHINA|ASIA|28-982-975-1478|AUTOMOBILE
8|Customer#000000008|j,pZ,Qp,qtFEo0r0c 92qo|PERU     0|PERU|AMERICA|27-574-933-3386|BUILDING
9|Customer#000000009|vgIql8H6zoyuLMFN|INDIA    2|INDIA|ASIA|18-906-367-7410|FURNITURE
10|Customer#000000010|Vf mQ6Ug9Ucf5OKGYq fs|ETHIOPIA 7|ETHIOPIA|AFRICA|15-346-987-4647|HOUSEHOLD
11|Customer#000000011|cG48rYjF3Aw7xs|UNITED KI4|UNITED KINGDOM|EUROPE|33-151-343-7914|BUILDING
12|Customer#000000012|Sb4gxKs7|JORDAN   7|JORDAN|MIDDLE EAST|23-276-126-7613|HOUSEHOLD
13|Customer#000000013|Ez3ax0D5HnUbeU|CANADA   7|CANADA|AMERICA|13-547-597-8453|BUILDING
14|Customer#000000014|h3GFMzeFf|ARGENTINA8|ARGENTINA|AMERICA|11-129-385-6876|FURNITURE
15|Customer#000000015|3y4KK4CcfNwNCTP0u0p1Rk6|UNITED KI6|UNITED KINGDOM|EUROPE|33-542-760-7818|HOUSEHOLD
16|Customer#000000016|P2IQMff18er|IRAN     7|IRAN|MIDDLE EAST|20-609-310-9705|FURNITURE
17|Customer#000000017|Js JrVHNAyCYMANzPGzvonS|BRAZIL   9|BRAZIL|AMERICA|12-682-348-1554|AUTOMOBILE
18|Customer#000000018|YyukcsqIxlyuXs7|FRANCE   0|FRANCE|EUROPE|16-215-131-3966|BUILDING
19|Customer#000000019|yO0XPkiuSWk0vN Ffc|CHINA    3|CHINA|ASIA|28-526-505-9573|HOUSEHOLD
20|Customer#000000020|i bGScA|RUSSIA   9|RUSSIA|EUROPE|32-234-874-9021|FURNITURE
21|Customer#000000021|42E5BARt|INDIA    8|INDIA|ASIA|18-614-834-8066|MACHINERY
22|Customer#000000022|biUBW,0ldzWGT91Do|CANADA   7|CANADA|AMERICA|13-545-970-3125|MACHINERY
23|Customer#000000023|dN2r4,XdTpNXcoVfBK|CANADA   2|CANADA|AMERICA|13-472-824-1273|HOUSEHOLD
24|Customer#000000024|k3qlKjqtHuzNAvIFyZX2Yc|JORDAN   0|JORDAN|MIDDLE EAST|23-851-803-6038|MACHINERY
25|Customer#000000025|kBSktmaKkjm28|JAPAN    5|JAPAN|ASIA|22-468-353-3632|FURNITURE
26|Customer#000000026|TFH OW1Me|RUSSIA   2|RUSSIA|EUROPE|32-455-483-1373|AUTOMOBILE
27|Customer#000000027|j8SkiuuBp |CANADA   0|CANADA|AMERICA|13-193-270-7746|BUILDING
28|Customer#000000028|J5tK,OQa07KQSuY|INDIA    7|INDIA|ASIA|18-241-146-7734|FURNITURE
29|Customer#000000029| hVQNzLtqGpgUXNMY0wl|ALGERIA  7|ALGERIA|AFRICA|10-203-734-7642|FURNITURE
30|Customer#000000030|EhnzmgkqQw7UXhF0PVdg gLf|ARGENTINA7|ARGENTINA|AMERICA|11-165-507-1975|BUILDING
31|Customer#000000031|g6qoPd,wIQrwUM3dq|UNITED KI1|UNITED KINGDOM|EUROPE|33-837-709-4309|HOUSEHOLD
32|Customer#000000032|InYu1tIr6EjN0nozdpf3hH|MOROCCO  3|MOROCCO|AFRICA|25-914-219-3757|BUILDING
33|Customer#000000033|Bl8FeyfxOpFuRuDEV|PERU     3|PERU|AMERICA|27-391-128-3441|AUTOMOBILE
34|Customer#000000034|bUkRv2UNDOtEycuW|MOROCCO  2|MOROCCO|AFRICA|25-968-542-5660|HOUSEHOLD
35|Customer#000000035|8mH4knWD|PERU     5|PERU|AMERICA|27-888-743-7042|HOUSEHOLD
36|Customer#000000036|Y7wosIxbsBi,0|VIETNAM  6|VIETNAM|ASIA|31-669-576-3857|BUILDING
37|Customer#000000037|Um5WbwJ0X8|INDIA    3|INDIA|ASIA|18-235-716-3061|FURNITURE
38|Customer#000000038|RVmMVNRVUSaS|JAPAN    2|JAPAN|ASIA|22-880-721-3870|HOUSEHOLD
39|Customer#000000039|EDP9K1bwtXYNLGC|BRAZIL   3|BRAZIL|AMERICA|12-467-650-6521|AUTOMOBILE
40|Customer#000000040|LcDk4rtJ|CANADA   6|CANADA|AMERICA|13-915-893-9176|BUILDING
41|Customer#000000041|jeREsFtCuMqEwdvTFqT|IRAN     9|IRAN|MIDDLE EAST|20-711-401-4160|HOUSEHOLD
42|Customer#000000042|tI8 wu|ETHIOPIA 3|ETHIOPIA|AFRICA|15-330-417-3161|BUILDING
43|Customer#000000043|Dx8PHkGSFJWLg3XtkzCX|ROMANIA  2|ROMANIA|EUROPE|29-665-289-1908|MACHINERY
44|Customer#000000044|dI0Nc9bvnxXHCWu10bSV|MOZAMBIQU1|MOZAMBIQUE|AFRICA|26-260-537-7152|AUTOMOBILE
45|Customer#000000045|XwXcOClKCcFek0|INDONESIA6|INDONESIA|ASIA|19-298-991-3577|AUTOMOBILE
46|Customer#000000046|NQ7345E|FRANCE   2|FRANCE|EUROPE|16-681-200-4277|AUTOMOBILE
47|Customer#000000047|Q,6KCP8Am4W|BRAZIL   3|BRAZIL|AMERICA|12-271-946-5083|BUILDING
48|Customer#000000048|076rIcJpxB|ALGERIA  4|ALGERIA|AFRICA|10-348-588-9087|BUILDING
49|Customer#000000049|PdKqM4TlA OLTjaeRmvH7Q|IRAN     8|IRAN|MIDDLE EAST|20-631-442-6585|FURNITURE
50|Customer#000000050|S8sn2GGsuput|FRANCE   6|FRANCE|EUROPE|16-112-322-3447|MACHINERY
51|Customer#000000051|y90vmRI|JAPAN    2|JAPAN|ASIA|22-885-425-1860|FURNITURE
52|Customer#000000052|UracAlAA8tSHL5V,|IRAQ     0|IRAQ|MIDDLE EAST|21-284-599-1683|HOUSEHOLD
53|Customer#000000053|kDQujt7Ll72zSexpBht7|MOROCCO  0|MOROCCO|AFRICA|25-852-536-7762|HOUSEHOLD
54|Customer#000000054|1GWwLsVwmol4|EGYPT    7|EGYPT|MIDDLE EAST|14-370-474-1802|AUTOMOBILE
55|Customer#000000055|ti9p9XgdmFsjsQI6XQrISDU|IRAN     0|IRAN|MIDDLE EAST|20-440-852-8955|MACHINERY
56|Customer#000000056|qh212iaG|IRAN     8|IRAN|MIDDLE EAST|20-685-692-8350|FURNITURE
57|Customer#000000057|ST32P xc|VIETNAM  8|VIETNAM|ASIA|31-306-165-2448|AUTOMOBILE
58|Customer#000000058|LRQBToGZ8wSLO3m5HBe|JORDAN   1|JORDAN|MIDDLE EAST|23-493-250-3554|HOUSEHOLD
59|Customer#000000059|tfcob0wJRYdyp|ARGENTINA2|ARGENTINA|AMERICA|11-584-311-4807|MACHINERY
60|Customer#000000060|mtCNJIveoJ 1|JAPAN    4|JAPAN|ASIA|22-575-586-6266|MACHINERY
61|Customer#000000061|SGDNwNWmqhvJKXwNlrpL4 Tq|PERU     5|PERU|AMERICA|27-559-859-3613|FURNITURE
62|Customer#000000062|yBhgYoD|GERMANY  2|GERMANY|EUROPE|17-978-705-9526|MACHINERY
63|Customer#000000063|j398B644|VIETNAM  9|VIETNAM|ASIA|31-552-958-5588|AUTOMOBILE
64|Customer#000000064|fPoMk3Y,GQhg|CANADA   5|CANADA|AMERICA|13-731-720-7335|BUILDING
65|Customer#000000065|ak7rtta,tWG,jR,cTSXflW6R|UNITED KI7|UNITED KINGDOM|EUROPE|33-623-526-2134|AUTOMOBILE
66|Customer#000000066|4PzmA4jZm7Q|RUSSIA   1|RUSSIA|EUROPE|32-373-509-4033|HOUSEHOLD
67|Customer#000000067|ALk,OdKy V5Srui|INDONESIA3|INDONESIA|ASIA|19-114-435-9187|MACHINERY
68|Customer#000000068|DSqIPPo9G3xa|JAPAN    9|JAPAN|ASIA|22-832-241-2250|HOUSEHOLD
69|Customer#000000069|gyuZTEcR4vKyNPMSa15ueKbR|INDONESIA1|INDONESIA|ASIA|19-978-567-8288|HOUSEHOLD
70|Customer#000000070|FlCviyJDjHCYkHoJ22Qw|RUSSIA   8|RUSSIA|EUROPE|32-107-283-7108|FURNITURE
71|Customer#000000071|8FkQFLN34pFe50URKft43nti|GERMANY  6|GERMANY|EUROPE|17-812-540-7593|HOUSEHOLD
72|Customer#000000072|CxyHFFzGum1sz0jBMiqR5Ax|BRAZIL   7|BRAZIL|AMERICA|12-144-968-4737|FURNITURE
73|Customer#000000073|TiJiuAMxW6L|ALGERIA  4|ALGERIA|AFRICA|10-439-321-1995|BUILDING
74|Customer#000000074|jGhjorX17JmTAfT6gO |EGYPT    1|EGYPT|MIDDLE EAST|14-862-720-2470|MACHINERY
75|Customer#000000075|oJrUH20Ovu5fgaLa|CHINA    1|CHINA|ASIA|28-803-902-3494|AUTOMOBILE
76|Customer#000000076|FXzPoxHecjuQcCLk|ALGERIA  2|ALGERIA|AFRICA|10-718-304-2698|FURNITURE
77|Customer#000000077|XyqmVhNelkoWP|PERU     1|PERU|AMERICA|27-357-467-9603|BUILDING
78|Customer#000000078|kpcyQ11dABLX6YO9f|INDONESIA9|INDONESIA|ASIA|19-700-919-1470|FURNITURE
79|Customer#000000079|EVJjYMyG59w4S|MOROCCO  0|MOROCCO|AFRICA|25-850-416-2674|MACHINERY
80|Customer#000000080|h0wy3CS|ALGERIA  1|ALGERIA|AFRICA|10-172-710-1650|FURNITURE
81|Customer#000000081|9jUFbrThIIe|SAUDI ARA0|SAUDI ARABIA|MIDDLE EAST|30-277-326-1590|BUILDING
82|Customer#000000082|tJkXm2PQBWPRRYk|CHINA    0|CHINA|ASIA|28-442-530-8171|AUTOMOBILE
83|Customer#000000083|kDJ7dqVuBD9lY,hqjW2|RUSSIA   7|RUSSIA|EUROPE|32-154-412-5462|BUILDING
84|Customer#000000084|GB3sUmv RRXV DPzeOSbG|IRAQ     4|IRAQ|MIDDLE EAST|21-818-380-7459|FURNITURE
85|Customer#000000085| I9M GnvICGJ29rT|ETHIOPIA 7|ETHIOPIA|AFRICA|15-585-821-6772|FURNITURE
86|Customer#000000086|78Umklj3P783bfR|ALGERIA  6|ALGERIA|AFRICA|10-951-235-8694|HOUSEHOLD
87|Customer#000000087|KKkJj684aF|UNITED KI8|UNITED KINGDOM|EUROPE|33-884-705-5166|FURNITURE
88|Customer#000000088|wyGHpeRMt mxmd8fEel|MOZAMBIQU4|MOZAMBIQUE|AFRICA|26-273-256-3942|AUTOMOBILE
89|Customer#000000089|Oy90ruRha47cUlC|KENYA    3|KENYA|AFRICA|24-451-540-6039|FURNITURE
90|Customer#000000090|buosjU5uu2|MOZAMBIQU5|MOZAMBIQUE|AFRICA|26-491-123-2397|BUILDING
91|Customer#000000091|9Sce2m BjvDdjQkqMx8Unr|INDIA    1|INDIA|ASIA|18-400-367-4466|AUTOMOBILE
92|Customer#000000092|DPbrb7fGYfkrfAdm0gRJPPdA|BRAZIL   3|BRAZIL|AMERICA|12-416-847-3593|MACHINERY
93|Customer#000000093|nj3p Z|GERMANY  2|GERMANY|EUROPE|17-388-526-9530|MACHINERY
94|Customer#000000094|jL5dieRgyG9OhRN7HgXb|INDONESIA9|INDONESIA|ASIA|19-499-883-9234|HOUSEHOLD
95|Customer#000000095|n6,uwF4wcE76DVh1YsS|MOROCCO  9|MOROCCO|AFRICA|25-255-292-4221|MACHINERY
96|Customer#000000096|x4fc F|INDIA    3|INDIA|ASIA|18-845-120-5884|AUTOMOBILE
97|Customer#000000097|dqBtMIPJhk1,|PERU     5|PERU|AMERICA|27-919-563-8854|AUTOMOBILE
98|Customer#000000098|UtIJM4d8Bxn|JAPAN    8|JAPAN|ASIA|22-845-688-5153|BUILDING
99|Customer#000000099| sz cJbyoj|MOROCCO  4|MOROCCO|AFRICA|25-237-923-7496|HOUSEHOLD
100|Customer#000000100|MBy6qq3O|SAUDI ARA7|SAUDI ARABIA|MIDDLE EAST|30-445-490-5143|FURNITURE
101|Customer#000000101| eEfYAdMjnG|BRAZIL   4|BRAZIL|AMERICA|12-298-369-3244|MACHINERY
102|Customer#000000102|7qyLFi,UrLERspLhH|ROMANIA  2|ROMANIA|EUROPE|29-978-853-2169|BUILDING
103|Customer#000000103|Tgiza4WfhTbezHUo yl|INDONESIA1|INDONESIA|ASIA|19-107-210-9667|BUILDING
104|Customer#000000104|SEOogsfT y09vI2z P|IRAN     9|IRAN|MIDDLE EAST|20-284-806-7933|FURNITURE
105|Customer#000000105|XI8hMXfr8bIKTG|IRAN     7|IRAN|MIDDLE EAST|20-553-641-7519|MACHINERY
106|Customer#000000106|vkocmr|ARGENTINA7|ARGENTINA|AMERICA|11-989-462-3364|MACHINERY
107|Customer#000000107|2vKUW710ATl9ACXtE|MOROCCO  2|MOROCCO|AFRICA|25-529-991-9081|AUTOMOBILE
108|Customer#000000108|lbCMmx|ETHIOPIA 8|ETHIOPIA|AFRICA|15-619-752-9927|BUILDING
109|Customer#000000109|dccG2qKoesLea36FGCOCg|MOZAMBIQU9|MOZAMBIQUE|AFRICA|26-422-815-8939|BUILDING
110|Customer#000000110|FtEbLLBJQ|IRAN     8|IRAN|MIDDLE EAST|20-536-206-5828|AUTOMOBILE
111|Customer#000000111|pp8Pbuc49CAFCHY8p|RUSSIA   5|RUSSIA|EUROPE|32-283-752-2334|MACHINERY
112|Customer#000000112|aOLKkYPcTaNo|ROMANIA  1|ROMANIA|EUROPE|29-262-838-3022|FURNITURE
113|Customer#000000113|NQcFV7p3iwO2VT LFQ|JAPAN    2|JAPAN|ASIA|22-930-475-8050|BUILDING
114|Customer#000000114|vqyrVMV|KENYA    7|KENYA|AFRICA|24-212-764-9718|FURNITURE
115|Customer#000000115|05lyZj3mdE77YpKQzp,8K5g|INDIA    9|INDIA|ASIA|18-699-184-6322|HOUSEHOLD
116|Customer#000000116|uox5ujKz1X1Atg|MOZAMBIQU5|MOZAMBIQUE|AFRICA|26-309-579-4031|BUILDING
117|Customer#000000117|ydJe0csz9qY80V2|UNITED ST3|UNITED STATES|AMERICA|34-631-350-6392|FURNITURE
118|Customer#000000118|d5DlxktKgR|CHINA    5|CHINA|ASIA|28-943-705-6979|AUTOMOBILE
119|Customer#000000119|fZm7cjMOxwkSnye|GERMANY  6|GERMANY|EUROPE|17-919-840-2914|FURNITURE
120|Customer#000000120|tpdDQ00rm|JAPAN    2|JAPAN|ASIA|22-534-157-4114|MACHINERY
121|Customer#000000121|zwrDoaY2gxCk|PERU     3|PERU|AMERICA|27-990-295-7026|BUILDING
122|Customer#000000122|uBVzFBCdNYVFqmd24X|CANADA   6|CANADA|AMERICA|13-694-452-8170|HOUSEHOLD
123|Customer#000000123|3zcDQRm9SeHwg|ETHIOPIA 7|ETHIOPIA|AFRICA|15-151-116-1837|BUILDING
124|Customer#000000124|R7Pt5r4Vy|CHINA    0|CHINA|ASIA|28-750-780-2614|AUTOMOBILE
125|Customer#000000125|1v813O59ruviiLESzSi7uf|ROMANIA  1|ROMANIA|EUROPE|29-996-312-7556|FURNITURE
126|Customer#000000126|KQWmjFPuXGLrn2o bUnlN6|RUSSIA   7|RUSSIA|EUROPE|32-914-759-1011|HOUSEHOLD
127|Customer#000000127|4tKMWo3Y 3hu3ttNZ1WTg|VIETNAM  0|VIETNAM|ASIA|31-672-295-2801|MACHINERY
128|Customer#000000128|rEg6eGhLYdaj|EGYPT    2|EGYPT|MIDDLE EAST|14-874-804-4151|HOUSEHOLD
129|Customer#000000129|BTET Qee,pCQoNEvFCoKq|GERMANY  3|GERMANY|EUROPE|17-148-741-1906|HOUSEHOLD
130|Customer#000000130|agbuYdL1t,6DrSvl41TlZ|INDONESIA1|INDONESIA|ASIA|19-993-928-8404|HOUSEHOLD
131|Customer#000000131|ItdUFrHPZlzjZ, fo|IRAQ     8|IRAQ|MIDDLE EAST|21-210-357-6926|HOUSEHOLD
132|Customer#000000132|beV2QQq|EGYPT    6|EGYPT|MIDDLE EAST|14-150-971-4089|HOUSEHOLD
133|Customer#000000133|jeox3OBiwNH2cRYHKn|PERU     3|PERU|AMERICA|27-997-843-2007|AUTOMOBILE
134|Customer#000000134| 6I1TTaoG7bbiogC|IRAQ     1|IRAQ|MIDDLE EAST|21-159-593-3997|BUILDING
135|Customer#000000135|D1g0Cp,rL|ROMANIA  3|ROMANIA|EUROPE|29-293-624-5012|FURNITURE
136|Customer#000000136|bCfzh0xVoZj|GERMANY  4|GERMANY|EUROPE|17-210-472-7777|FURNITURE
137|Customer#000000137|PN4RZCRY FrmjK|MOZAMBIQU7|MOZAMBIQUE|AFRICA|26-409-565-3949|HOUSEHOLD
138|Customer#000000138|WxtfqN2Tjil1A|ETHIOPIA 3|ETHIOPIA|AFRICA|15-860-458-1407|MACHINERY
139|Customer#000000139|YmFwpwxNjgg,YTX|INDONESIA0|INDONESIA|ASIA|19-352-140-2735|MACHINERY
140|Customer#000000140|49AmbJgKOm8ii0|EGYPT    1|EGYPT|MIDDLE EAST|14-885-650-9363|MACHINERY
141|Customer#000000141|Wi404ac5DIHOXFTovI6nl|ARGENTINA9|ARGENTINA|AMERICA|11-295-620-4079|FURNITURE
142|Customer#000000142|rDhVFvyfHIDoF YHJ|INDONESIA3|INDONESIA|ASIA|19-425-258-3142|AUTOMOBILE
143|Customer#000000143|VSZ YZxfWVZsAGrTp|MOZAMBIQU2|MOZAMBIQUE|AFRICA|26-406-772-7179|MACHINERY
144|Customer#000000144|6u21XNPJKPGyDMyRkHdoTAoO|ARGENTINA6|ARGENTINA|AMERICA|11-379-447-5622|MACHINERY
145|Customer#000000145|HaHjEzYGOMPrOt|JORDAN   5|JORDAN|MIDDLE EAST|23-444-845-8359|HOUSEHOLD
146|Customer#000000146|lNuGN4kRxTJtiZ01|CANADA   8|CANADA|AMERICA|13-723-322-8038|FURNITURE
147|Customer#000000147|V5wivQ5NEO esxx1oSWk|CHINA    7|CHINA|ASIA|28-187-433-5629|AUTOMOBILE
148|Customer#000000148|qJ8bFn4kwiit7|IRAQ     5|IRAQ|MIDDLE EAST|21-498-663-7970|HOUSEHOLD
149|Customer#000000149|YPt7jpBYEdg|ROMANIA  7|ROMANIA|EUROPE|29-439-676-3285|AUTOMOBILE
150|Customer#000000150|tMCk8K7HovlbBFc5lGf6a J|CHINA    2|CHINA|ASIA|28-564-763-4337|MACHINERY
151|Customer#000000151|gFtmyem37UHG|ROMANIA  3|ROMANIA|EUROPE|29-197-633-5855|HOUSEHOLD
152|Customer#000000152|cn FF9G8OggJWF|INDIA    5|INDIA|ASIA|18-850-392-3428|BUILDING
153|Customer#000000153|HnsuZ,zi|FRANCE   2|FRANCE|EUROPE|16-316-281-5225|HOUSEHOLD
154|Customer#000000154|ZfqF6sLnjGdAP3H|ROMANIA  4|ROMANIA|EUROPE|29-835-691-5669|FURNITURE
155|Customer#000000155|G0z8BKI8ye|ALGERIA  5|ALGERIA|AFRICA|10-282-870-7239|AUTOMOBILE
156|Customer#000000156|Wc8,MO3Y2UqZOLRwhd|INDONESIA6|INDONESIA|ASIA|19-913-394-2070|AUTOMOBILE
157|Customer#000000157|kkmCxtoOl eNrDprNzo9Izeu|MOROCCO  1|MOROCCO|AFRICA|25-442-155-3831|BUILDING
158|Customer#000000158|ZjQ2uJ,hZUZ,QCi,|IRAN     3|IRAN|MIDDLE EAST|20-680-132-8880|AUTOMOBILE
159|Customer#000000159|hCyzNocUmjEtz5xSY|IRAN     8|IRAN|MIDDLE EAST|20-668-266-4285|HOUSEHOLD
160|Customer#000000160|WzC5aYNco|JORDAN   3|JORDAN|MIDDLE EAST|23-666-480-8059|MACHINERY
161|Customer#000000161|ZC9Gu1d|GERMANY  7|GERMANY|EUROPE|17-718-244-1317|MACHINERY
162|Customer#000000162|imXRS 31yYbxg3LiNT|INDIA    0|INDIA|ASIA|18-101-226-8631|MACHINERY
163|Customer#000000163|dK kOdDE|VIETNAM  8|VIETNAM|ASIA|31-349-412-5654|FURNITURE
164|Customer#000000164|3n4VZcp4f3|EGYPT    5|EGYPT|MIDDLE EAST|14-638-976-9272|HOUSEHOLD
165|Customer#000000165|TBOUGwpEvpOmDL5cVX|ALGERIA  9|ALGERIA|AFRICA|10-209-560-3204|HOUSEHOLD
166|Customer#000000166|,Vj4kzvCbTUmhLNSVjuyf|IRAN     2|IRAN|MIDDLE EAST|20-530-592-2882|FURNITURE
167|Customer#000000167|bdOYMdF9isgUHByKvKn|ETHIOPIA 2|ETHIOPIA|AFRICA|15-395-550-3545|AUTOMOBILE
168|Customer#000000168|lnOfVB6SUbT0CQ7w5pofnUQz|JAPAN    2|JAPAN|ASIA|22-984-536-3622|FURNITURE
169|Customer#000000169|eHJEjRT|CHINA    2|CHINA|ASIA|28-499-372-8792|FURNITURE
170|Customer#000000170|WaEuE3xPdJEUjqKgv7wB|MOROCCO  8|MOROCCO|AFRICA|25-984-981-5132|BUILDING
171|Customer#000000171|aiJHhp yJSS|GERMANY  4|GERMANY|EUROPE|17-603-745-1787|MACHINERY
172|Customer#000000172|hvKNg7fZkY5QO|RUSSIA   0|RUSSIA|EUROPE|32-964-184-4432|MACHINERY
173|Customer#000000173|rxMTg6s0lIE8jBCxr5GVN|INDONESIA3|INDONESIA|ASIA|19-196-800-8454|BUILDING
174|Customer#000000174|aVrLoce8Mn4|UNITED KI8|UNITED KINGDOM|EUROPE|33-455-879-4274|FURNITURE
175|Customer#000000175|T2gZ1u7AC2Yve4DnuFWIz|IRAN     3|IRAN|MIDDLE EAST|20-617-992-4321|FURNITURE
176|Customer#000000176|SJpMB3YxsSTjFoA8Cc|JORDAN   3|JORDAN|MIDDLE EAST|23-942-883-9172|FURNITURE
177|Customer#000000177|Vvsmgct1mROEpoh2|ARGENTINA9|ARGENTINA|AMERICA|11-786-995-4367|BUILDING
178|Customer#000000178|Crj68oKSoKRDWlHTn wOOsW|VIETNAM  3|VIETNAM|ASIA|31-268-632-7036|FURNITURE
179|Customer#000000179|OHMsXp4K,DE|EGYPT    6|EGYPT|MIDDLE EAST|14-953-298-6782|MACHINERY
180|Customer#000000180|o8k4XalC2hnrCB5w02|JORDAN   6|JORDAN|MIDDLE EAST|23-802-210-6536|FURNITURE
181|Customer#000000181|3dwI4Or4 9H1w8|INDONESIA6|INDONESIA|ASIA|19-305-844-1996|FURNITURE
182|Customer#000000182|zNvwKNBkXZVo|CANADA   1|CANADA|AMERICA|13-211-902-7718|AUTOMOBILE
183|Customer#000000183|ReqpYb8PS|RUSSIA   7|RUSSIA|EUROPE|32-279-815-7390|HOUSEHOLD
184|Customer#000000184|yCcBpy9 WYMZ4iAE52qJv|VIETNAM  7|VIETNAM|ASIA|31-340-547-7601|AUTOMOBILE
185|Customer#000000185|Jj3saL|ETHIOPIA 7|ETHIOPIA|AFRICA|15-572-876-5188|BUILDING
186|Customer#000000186|qM5 UfsQCPqmd39qo|CANADA   4|CANADA|AMERICA|13-743-257-7167|HOUSEHOLD
187|Customer#000000187|diFK9VCi936VKUXBV2k|EGYPT    6|EGYPT|MIDDLE EAST|14-294-667-6138|FURNITURE
188|Customer#000000188|WS8 zVKmmCoX1LvL3neZdQt|ETHIOPIA 5|ETHIOPIA|AFRICA|15-528-781-9806|BUILDING
189|Customer#000000189|AVZj8Br9KSwaKlZp|RUSSIA   9|RUSSIA|EUROPE|32-348-111-7300|MACHINERY
190|Customer#000000190|mY30kK8AfsTGrx,L4zI   Ql|IRAQ     7|IRAQ|MIDDLE EAST|21-373-819-8114|AUTOMOBILE
191|Customer#000000191|cZMo3 b4Gw|MOZAMBIQU7|MOZAMBIQUE|AFRICA|26-707-686-7503|BUILDING
192|Customer#000000192|AnEpYPRNZpiartUa|IRAN     7|IRAN|MIDDLE EAST|20-712-248-1827|MACHINERY
193|Customer#000000193|O67WNzzb71V1BG4gO0gk|UNITED KI0|UNITED KINGDOM|EUROPE|33-978-628-5977|MACHINERY
194|Customer#000000194|FGzgJO4xaZCHPOWuL|MOZAMBIQU5|MOZAMBIQUE|AFRICA|26-636-300-7576|HOUSEHOLD
195|Customer#000000195|5IAanTJzOthMGHeP8p|RUSSIA   7|RUSSIA|EUROPE|32-684-684-1357|AUTOMOBILE
196|Customer#000000196|VS9zyeC|CHINA    0|CHINA|ASIA|28-177-247-1077|FURNITURE
197|Customer#000000197|7M5Az MBdx|ARGENTINA0|ARGENTINA|AMERICA|11-312-658-2370|AUTOMOBILE
198|Customer#000000198|1TLO1ki6D0M6|ARGENTINA1|ARGENTINA|AMERICA|11-758-614-1360|AUTOMOBILE
199|Customer#000000199|Gp6XuGF0QTNR72EYr6tHob|EGYPT    0|EGYPT|MIDDLE EAST|14-924-523-4725|FURNITURE
200|Customer#000000200|vZrjVPUUn6LjYBKe7|MOZAMBIQU4|MOZAMBIQUE|AFRICA|26-302-418-7594|BUILDING
201|Customer#000000201|u4fyEOVxztIzow|BRAZIL   7|BRAZIL|AMERICA|12-183-985-9058|MACHINERY
202|Customer#000000202|b,xhZM o|GERMANY  8|GERMANY|EUROPE|17-805-463-8861|AUTOMOBILE
203|Customer#000000203|ZL9FxQJrF4aIDo|ARGENTINA8|ARGENTINA|AMERICA|11-563-614-7615|MACHINERY
204|Customer#000000204|U6TxYh|FRANCE   7|FRANCE|EUROPE|16-837-482-3566|BUILDING
205|Customer#000000205|Ic7aplPrDJMpexX1fi|JAPAN    2|JAPAN|ASIA|22-437-131-9769|BUILDING
206|Customer#000000206|vzK0MK9j8VdgAtpa|INDONESIA9|INDONESIA|ASIA|19-832-331-5621|AUTOMOBILE
207|Customer#000000207|NvsVheDu|VIETNAM  5|VIETNAM|ASIA|31-675-647-8591|AUTOMOBILE
208|Customer#000000208|rPtMZfvOdL3,g|ROMANIA  8|ROMANIA|EUROPE|29-139-623-2079|MACHINERY
209|Customer#000000209|JpwEud15XA4e2a4|MOZAMBIQU1|MOZAMBIQUE|AFRICA|26-121-772-8769|FURNITURE
210|Customer#000000210|,XOlfSzkZDAkm|SAUDI ARA8|SAUDI ARABIA|MIDDLE EAST|30-248-975-9657|HOUSEHOLD
211|Customer#000000211|79JF5css|JORDAN   9|JORDAN|MIDDLE EAST|23-335-947-3822|BUILDING
212|Customer#000000212|,R6,I2Xky|GERMANY  3|GERMANY|EUROPE|17-405-433-7685|BUILDING
213|Customer#000000213|eBAe2qJpO4|UNITED ST7|UNITED STATES|AMERICA|34-700-976-1809|HOUSEHOLD
214|Customer#000000214|fBovJPf POjeTqM|INDIA    0|INDIA|ASIA|18-678-616-5641|MACHINERY
215|Customer#000000215|TjTUuQpJNMsj2T,q 2Aknl|INDONESIA5|INDONESIA|ASIA|19-446-475-2964|FURNITURE
216|Customer#000000216|g3jTv9wWiUlkU7qHf|VIETNAM  2|VIETNAM|ASIA|31-111-544-1593|FURNITURE
217|Customer#000000217|3it,VaeNyJA3|UNITED KI0|UNITED KINGDOM|EUROPE|33-298-384-4808|AUTOMOBILE
218|Customer#000000218|s5ZlojM8zMytdk2Mj8r9|EGYPT    4|EGYPT|MIDDLE EAST|14-931-856-1596|MACHINERY
219|Customer#000000219|N7HIf0,MtChIqMY5aCsXnBbK|IRAQ     0|IRAQ|MIDDLE EAST|21-138-609-2012|AUTOMOBILE
220|Customer#000000220|8P6j5K|MOZAMBIQU1|MOZAMBIQUE|AFRICA|26-301-737-3510|BUILDING
221|Customer#000000221|AIBdtubcMvLS|MOZAMBIQU2|MOZAMBIQUE|AFRICA|26-738-100-7221|BUILDING
222|Customer#000000222|LqbGlIvu3Z2ArY2BUrliMfN|ARGENTINA6|ARGENTINA|AMERICA|11-672-541-1932|BUILDING
223|Customer#000000223|MyQxUcG0P QC|SAUDI ARA1|SAUDI ARABIA|MIDDLE EAST|30-643-151-2242|BUILDING
224|Customer#000000224|XyohwMX,4QLkLQOBOqAEMoB|MOROCCO  1|MOROCCO|AFRICA|25-867-366-9790|BUILDING
225|Customer#000000225|ZjlGZn|JORDAN   9|JORDAN|MIDDLE EAST|23-183-702-4524|AUTOMOBILE
226|Customer#000000226|8CmEAqR,Les7GfAum|CANADA   3|CANADA|AMERICA|13-318-770-9514|AUTOMOBILE
227|Customer#000000227|UvFBmqzvy3qbdcn|JORDAN   9|JORDAN|MIDDLE EAST|23-816-243-4356|MACHINERY
228|Customer#000000228|rZ1wxvHNByT71bUJWZjXMDRO|SAUDI ARA3|SAUDI ARABIA|MIDDLE EAST|30-915-160-2431|FURNITURE
229|Customer#000000229|9PwHuLEvtWyUgzZmjTF|ARGENTINA1|ARGENTINA|AMERICA|11-298-402-7446|BUILDING
230|Customer#000000230|pD9SuzXe2Aj|VIETNAM  7|VIETNAM|ASIA|31-950-804-8251|MACHINERY
231|Customer#000000231|5lcJkS1RCJaNz|IRAN     8|IRAN|MIDDLE EAST|20-880-106-2830|BUILDING
232|Customer#000000232|DqRC0Y2c3xZ sgceNN0OvB|RUSSIA   2|RUSSIA|EUROPE|32-563-267-5746|HOUSEHOLD
233|Customer#000000233|FlEWVw1T 5X5|CANADA   5|CANADA|AMERICA|13-104-322-2431|FURNITURE
234|Customer#000000234|jftxhQIu5EAdm5u |CHINA    1|CHINA|ASIA|28-424-139-3502|AUTOMOBILE
235|Customer#000000235|QB, iqeJWLfN|CANADA   2|CANADA|AMERICA|13-790-641-8080|AUTOMOBILE
236|Customer#000000236|HO40Ef, Ji yqO5RCFZ|KENYA    7|KENYA|AFRICA|24-967-450-4142|AUTOMOBILE
237|Customer#000000237|arNysEpV|ROMANIA  3|ROMANIA|EUROPE|29-970-523-3077|HOUSEHOLD
238|Customer#000000238|zm,F5hgXysWqkYrkQFY|MOZAMBIQU2|MOZAMBIQUE|AFRICA|26-925-123-6999|HOUSEHOLD
239|Customer#000000239|wSM9EfcE67I5cGxPPLO|INDONESIA6|INDONESIA|ASIA|19-117-698-7569|FURNITURE
240|Customer#000000240|93LMmdv91z4q y2YoV64B3K|INDONESIA7|INDONESIA|ASIA|19-548-783-3447|MACHINERY
241|Customer#000000241|mpxvjHb9WV0cwD1EqMsO|INDONESIA2|INDONESIA|ASIA|19-614-220-3245|AUTOMOBILE
242|Customer#000000242|RBKsgYj4qHhjlyMiZU7|CANADA   2|CANADA|AMERICA|13-350-356-2974|MACHINERY
243|Customer#000000243|zMYlcESuh|GERMANY  2|GERMANY|EUROPE|17-684-797-6214|AUTOMOBILE
244|Customer#000000244|mp5PoCm5QlRbSgCL|MOROCCO  5|MOROCCO|AFRICA|25-225-817-9522|HOUSEHOLD
245|Customer#000000245|jzMlidTH7kc7sqN2b|JAPAN    9|JAPAN|ASIA|22-232-272-6080|MACHINERY
246|Customer#000000246|5 9690OzUIuBECBwvRtRz|MOROCCO  5|MOROCCO|AFRICA|25-618-259-1512|AUTOMOBILE
247|Customer#000000247|eSAW4XaakYF|SAUDI ARA0|SAUDI ARABIA|MIDDLE EAST|30-905-351-4476|HOUSEHOLD
248|Customer#000000248|FK7ZVASQ|IRAN     3|IRAN|MIDDLE EAST|20-727-891-2268|FURNITURE
249|Customer#000000249|04mYLK3THYyIwQjq lx|CANADA   1|CANADA|AMERICA|13-455-772-4642|MACHINERY
250|Customer#000000250|SJILXuILUsTvSB4T|MOZAMBIQU4|MOZAMBIQUE|AFRICA|26-852-146-9757|FURNITURE
251|Customer#000000251|2RLNaFw,ToYGrJuwyRDOKJxa|JORDAN   9|JORDAN|MIDDLE EAST|23-623-594-3308|HOUSEHOLD
252|Customer#000000252|OPZPbmlru6Hh2swnX|MOZAMBIQU2|MOZAMBIQUE|AFRICA|26-347-920-4612|FURNITURE
253|Customer#000000253|EQktiab|MOROCCO  4|MOROCCO|AFRICA|25-140-988-4513|AUTOMOBILE
254|Customer#000000254|xa0BmteaQlLh|ARGENTINA3|ARGENTINA|AMERICA|11-622-632-9241|MACHINERY
255|Customer#000000255|jS4sR hp17Emlk,|CANADA   9|CANADA|AMERICA|13-679-828-2293|BUILDING
256|Customer#000000256|NhUqKL2JS,iems1e|IRAN     1|IRAN|MIDDLE EAST|20-271-442-8168|HOUSEHOLD
257|Customer#000000257|gtiQYVm|GERMANY  7|GERMANY|EUROPE|17-687-215-2781|AUTOMOBILE
258|Customer#000000258|U5PqnNGSA2Nsa2|JAPAN    1|JAPAN|ASIA|22-425-994-9075|MACHINERY
259|Customer#000000259|HvJRITU4HZ2AZWDw|ETHIOPIA 8|ETHIOPIA|AFRICA|15-674-204-7085|HOUSEHOLD
260|Customer#000000260|p j2YtuW|ARGENTINA6|ARGENTINA|AMERICA|11-529-944-4941|MACHINERY
261|Customer#000000261|O3G5IT|JAPAN    4|JAPAN|ASIA|22-898-785-6985|AUTOMOBILE
262|Customer#000000262|oO6cqmpuexTCkgw|EGYPT    6|EGYPT|MIDDLE EAST|14-169-520-2762|AUTOMOBILE
263|Customer#000000263|3YBuMl4G7tRA|ARGENTINA1|ARGENTINA|AMERICA|11-906-319-8816|FURNITURE
264|Customer#000000264|ZWqGIvPW|IRAQ     8|IRAQ|MIDDLE EAST|21-683-382-7168|MACHINERY
265|Customer#000000265| yJIACHUobrgPnTqp8sRy|PERU     6|PERU|AMERICA|27-734-204-4746|MACHINERY
266|Customer#000000266|68im yIeNnxHnQ7buG|ALGERIA  4|ALGERIA|AFRICA|10-243-397-4026|HOUSEHOLD
267|Customer#000000267|NFTrP3sHZ69BU7VJXgBL2|MOROCCO  3|MOROCCO|AFRICA|25-954-890-7207|AUTOMOBILE
268|Customer#000000268|zG8faDcBLcRU,ZIzQN,VnOd|CANADA   6|CANADA|AMERICA|13-469-520-5701|MACHINERY
269|Customer#000000269|iTGflSIbcarrTo5wqEa9CvL1|KENYA    5|KENYA|AFRICA|24-874-623-2414|MACHINERY
270|Customer#000000270|1 Nj5wdg3|GERMANY  1|GERMANY|EUROPE|17-806-353-6215|AUTOMOBILE
271|Customer#000000271|d0jOM6Xr3|FRANCE   5|FRANCE|EUROPE|16-282-568-3248|MACHINERY
272|Customer#000000272|s2nHgCH3mM|BRAZIL   2|BRAZIL|AMERICA|12-877-965-1977|MACHINERY
273|Customer#000000273| cq0QGJqvZI|BRAZIL   1|BRAZIL|AMERICA|12-772-573-3309|FURNITURE
274|Customer#000000274|RNMz3wdxEDcAzgK mZ|ROMANIA  2|ROMANIA|EUROPE|29-389-144-1944|FURNITURE
275|Customer#000000275|fZ6o7h 1|RUSSIA   1|RUSSIA|EUROPE|32-864-686-7164|AUTOMOBILE
276|Customer#000000276|J84um8me|MOZAMBIQU6|MOZAMBIQUE|AFRICA|26-357-385-6964|AUTOMOBILE
277|Customer#000000277|q4kzaNwjG,qL9h|UNITED KI6|UNITED KINGDOM|EUROPE|33-831-539-4456|BUILDING
278|Customer#000000278|XHAfHlrYQ|SAUDI ARA3|SAUDI ARABIA|MIDDLE EAST|30-570-584-2206|BUILDING
279|Customer#000000279|SyY4C,HgZ73DnkKVcn8elLZ4|INDONESIA1|INDONESIA|ASIA|19-605-902-5374|AUTOMOBILE
280|Customer#000000280|YLnIkFdU|IRAQ     4|IRAQ|MIDDLE EAST|21-461-396-8094|BUILDING
281|Customer#000000281|vVKhSjkEYl|FRANCE   7|FRANCE|EUROPE|16-382-644-2517|BUILDING
282|Customer#000000282|wOoO0stZRRVn|CHINA    1|CHINA|ASIA|28-599-241-1114|HOUSEHOLD
283|Customer#000000283|Itzjny7g6g3mHNpKyirfB7y|GERMANY  0|GERMANY|EUROPE|17-303-128-1614|AUTOMOBILE
284|Customer#000000284|Z1KqGRpKPURIKc9Mi|FRANCE   0|FRANCE|EUROPE|16-235-269-2350|AUTOMOBILE
285|Customer#000000285|rB6fTQKle64k3MvCCatad|SAUDI ARA1|SAUDI ARABIA|MIDDLE EAST|30-130-131-2746|FURNITURE
286|Customer#000000286|UrTx5o BG4|RUSSIA   1|RUSSIA|EUROPE|32-308-463-3308|HOUSEHOLD
287|Customer#000000287|h7zQ7rh9o,Ne2GtmET|EGYPT    2|EGYPT|MIDDLE EAST|14-840-632-6747|MACHINERY
288|Customer#000000288|NmzV wORq|BRAZIL   6|BRAZIL|AMERICA|12-136-539-4563|HOUSEHOLD
289|Customer#000000289|e6IFMKK,D5dGgXg,84,0qqj|IRAN     3|IRAN|MIDDLE EAST|20-773-769-4584|AUTOMOBILE
290|Customer#000000290|TcFb7SkrS6B53E5|EGYPT    3|EGYPT|MIDDLE EAST|14-625-563-6578|MACHINERY
291|Customer#000000291|2FfdPluDa|INDIA    6|INDIA|ASIA|18-656-231-4577|HOUSEHOLD
292|Customer#000000292|Ko3JXxuo|IRAQ     3|IRAQ|MIDDLE EAST|21-910-292-8878|HOUSEHOLD
293|Customer#000000293|UtDv3UF1XCZOEq49G|BRAZIL   8|BRAZIL|AMERICA|12-984-548-1876|MACHINERY
294|Customer#000000294|K8QdAjZbYiumlj2|CHINA    0|CHINA|ASIA|28-946-426-3400|BUILDING
295|Customer#000000295|FGUWRjjUDHaZWvC851ZOvy|ALGERIA  2|ALGERIA|AFRICA|10-773-432-8757|HOUSEHOLD
296|Customer#000000296|XMtAGZsBKWFr5rh|MOROCCO  8|MOROCCO|AFRICA|25-178-195-9156|BUILDING
297|Customer#000000297|KsK0W0|MOROCCO  9|MOROCCO|AFRICA|25-518-880-5425|HOUSEHOLD
298|Customer#000000298|IlglXwrSQMLmoKTFb0Ay|VIETNAM  4|VIETNAM|ASIA|31-157-407-9489|BUILDING
299|Customer#000000299|YlXa,M7GHix|EGYPT    9|EGYPT|MIDDLE EAST|14-474-735-1650|HOUSEHOLD
300|Customer#000000300|j,LhLDU|GERMANY  0|GERMANY|EUROPE|17-193-596-2653|AUTOMOBILE
